row,repository,graph_version,edge_id,type,source_path,source_line,source_text,actual_target,target_path,confidence,expected_target,decision,review_reason,reviewer
1,sample_fixed,sha256:cbabcefea7f2a52fa9d26874294bdf26c671254df5a7655753a4e53bacfb3428,sha256:4e123eace6954cbdbca8c7e537125b3df604dc35a9daa8941754d355abfeb857,IMPORTS,src/relative_pkg/__init__.py,1,from .service import RelativeService,relative_pkg.service,src/relative_pkg/service.py,1.0,relative_pkg.service,MATCH,Package-relative .service resolves inside relative_pkg.,"Codex/source inspection, 2026-10-01"
2,sample_fixed,sha256:cbabcefea7f2a52fa9d26874294bdf26c671254df5a7655753a4e53bacfb3428,sha256:45843ec21332082e57d1f44156f9ada8f0462ef8849e9de2bdfcbb4502f5a7c2,IMPORTS,src/relative_pkg/service.py,1,from .base import RelativeBase,relative_pkg.base,src/relative_pkg/base.py,1.0,relative_pkg.base,MATCH,Package-relative .base resolves inside relative_pkg.,"Codex/source inspection, 2026-10-01"
3,sample_fixed,sha256:cbabcefea7f2a52fa9d26874294bdf26c671254df5a7655753a4e53bacfb3428,sha256:ee234d1c47d88347773e944518d893d2c456cf809e60ec750db88ec279b4c5a8,CALLS,src/relative_pkg/service.py,7,cls(),relative_pkg.service.RelativeService,src/relative_pkg/service.py,0.95,relative_pkg.service.RelativeService,MATCH,classmethod create(cls) calls its owning RelativeService constructor.,"Codex/source inspection, 2026-10-01"
4,sample_fixed,sha256:cbabcefea7f2a52fa9d26874294bdf26c671254df5a7655753a4e53bacfb3428,sha256:49b572bf1e5bf361e3b58e86295c1918f257ed8a9e84661545ed880ba6665934,IMPORTS,src/users/service.py,1,from users.base import BaseService,users.base,src/users/base.py,1.0,users.base,MATCH,Absolute users.base import points at users/base.py.,"Codex/source inspection, 2026-10-01"
5,sample_fixed,sha256:cbabcefea7f2a52fa9d26874294bdf26c671254df5a7655753a4e53bacfb3428,sha256:99f0e2ffbb9d029fddc601a9a8a3afabc026a43b17d74c99b127baa8bbd571fe,CALLS,src/users/service.py,9,self.normalize(name),users.service.UserService.normalize,src/users/service.py,0.8,users.service.UserService.normalize,MATCH,find_user(self) calls normalize on the same UserService class.,"Codex/source inspection, 2026-10-01"
6,sample_fixed,sha256:cbabcefea7f2a52fa9d26874294bdf26c671254df5a7655753a4e53bacfb3428,sha256:e034243bcb3d5544af61dff00f3dbbf4efca04af06ab13cbf1ed43f08655f9ba,CALLS,src/users/service.py,13,UserService(),users.service.UserService,src/users/service.py,0.95,users.service.UserService,MATCH,Module function constructs the module-level UserService class.,"Codex/source inspection, 2026-10-01"
7,sample_fixed,sha256:cbabcefea7f2a52fa9d26874294bdf26c671254df5a7655753a4e53bacfb3428,sha256:a68680cc37584d8c8e3ec9e617ab016e3fb27149e74381e295fff65f0d8ef06f,IMPORTS,src/web/routes.py,1,from auth.service import login,auth.service,src/auth/service.py,1.0,auth.service,MATCH,routes imports login from auth.service.,"Codex/source inspection, 2026-10-01"
8,sample_fixed,sha256:cbabcefea7f2a52fa9d26874294bdf26c671254df5a7655753a4e53bacfb3428,sha256:68b5d87a253220b5c81978ddf727af93a38ca996bf14ab382d16f646e84b7483,CALLS,src/web/routes.py,5,"login(username, password)",auth.service.login,src/auth/service.py,0.95,auth.service.login,MATCH,login_handler calls the explicitly imported auth.service.login.,"Codex/source inspection, 2026-10-01"
9,sample_fixed,sha256:cbabcefea7f2a52fa9d26874294bdf26c671254df5a7655753a4e53bacfb3428,sha256:0f111ceb7daf5aeff021e0055c60ad85e187510331080530c98cdb7c46c00368,IMPORTS,tests/test_auth.py,1,from auth.service import login,auth.service,src/auth/service.py,1.0,auth.service,MATCH,test module imports login from auth.service.,"Codex/source inspection, 2026-10-01"
10,sample_fixed,sha256:cbabcefea7f2a52fa9d26874294bdf26c671254df5a7655753a4e53bacfb3428,sha256:7134fb15fe817c04d37ce8cc4e7091040c677c4ad273674d24f20bca4f622dc3,CALLS,tests/test_auth.py,5,"login(""alice"", ""secret"")",auth.service.login,src/auth/service.py,0.95,auth.service.login,MATCH,test_login calls the explicitly imported login function.,"Codex/source inspection, 2026-10-01"
11,vgar_fixed_no_jedi,sha256:19b5472f96c88728e966eb11ae1e4c8fa1db1558f5051eab596c3c17659ff24e,sha256:4bebd4029acc9c3524f99a51f6a70fb3e8109d48c21b1c4f47b5348d13764b8d,IMPORTS,src/vgar/graph/builder.py,3,import ast,ast,,1.0,ast,MATCH,import ast names a standard-library module outside the snapshot.,"Codex/source inspection, 2026-10-01"
12,vgar_fixed_no_jedi,sha256:19b5472f96c88728e966eb11ae1e4c8fa1db1558f5051eab596c3c17659ff24e,sha256:99767b21b3dbb0d065a8ba0dacb9a6df5c16145d769b9e59b1200cbe1f4f1184,IMPORTS,src/vgar/graph/builder.py,4,import hashlib,hashlib,,1.0,hashlib,MATCH,import hashlib names a standard-library module outside the snapshot.,"Codex/source inspection, 2026-10-01"
13,vgar_fixed_no_jedi,sha256:19b5472f96c88728e966eb11ae1e4c8fa1db1558f5051eab596c3c17659ff24e,sha256:5ec994b1eb44f2ecafe63dd79a79c52eb830c189962d70615060424202502980,IMPORTS,src/vgar/graph/builder.py,5,import symtable,symtable,,1.0,symtable,MATCH,import symtable names a standard-library module outside the snapshot.,"Codex/source inspection, 2026-10-01"
14,vgar_fixed_no_jedi,sha256:19b5472f96c88728e966eb11ae1e4c8fa1db1558f5051eab596c3c17659ff24e,sha256:8e95588aa523ef95f260462e88fcb01c51d8cbbae07d7d044156e29482fb011b,IMPORTS,src/vgar/graph/builder.py,6,import time,time,,1.0,time,MATCH,import time names a standard-library module outside the snapshot.,"Codex/source inspection, 2026-10-01"
15,vgar_fixed_no_jedi,sha256:19b5472f96c88728e966eb11ae1e4c8fa1db1558f5051eab596c3c17659ff24e,sha256:f3418db740bbed410e748b03d99f030cfa1d7b3a0952279c27191158544ad7d2,IMPORTS,src/vgar/graph/builder.py,7,"from dataclasses import dataclass, field",dataclasses,,1.0,dataclasses,MATCH,from dataclasses imports an item from the external dataclasses module.,"Codex/source inspection, 2026-10-01"
16,vgar_fixed_no_jedi,sha256:19b5472f96c88728e966eb11ae1e4c8fa1db1558f5051eab596c3c17659ff24e,sha256:02ff62f661ae8462688797660a37a3127bfe0965411de1d8f1954ac07d3d45ff,CALLS,src/vgar/graph/builder.py,108,"JediSymbolResolver(
            root,
            source_roots=self.source_roots,
            enabled=self.use_jedi,
        )",vgar.graph.jedi_resolver.JediSymbolResolver,src/vgar/graph/jedi_resolver.py,0.95,vgar.graph.jedi_resolver.JediSymbolResolver,MATCH,build constructs the class imported from vgar.graph.jedi_resolver.,"Codex/source inspection, 2026-10-01"
17,vgar_fixed_no_jedi,sha256:19b5472f96c88728e966eb11ae1e4c8fa1db1558f5051eab596c3c17659ff24e,sha256:cfd95e6788abb61ec3e1b07baa602a379aa3f9edb14e6ac3a0aca842782c78f1,CALLS,src/vgar/graph/builder.py,114,self._discover_python_files(root),vgar.graph.builder.PythonGraphBuilder._discover_python_files,src/vgar/graph/builder.py,0.8,vgar.graph.builder.PythonGraphBuilder._discover_python_files,MATCH,build invokes its own _discover_python_files method.,"Codex/source inspection, 2026-10-01"
18,vgar_fixed_no_jedi,sha256:19b5472f96c88728e966eb11ae1e4c8fa1db1558f5051eab596c3c17659ff24e,sha256:ef944acc9cc3116d85eb67ccbd0708beaadebf2d9f7bd53b597a533305f26eec,CALLS,src/vgar/graph/builder.py,115,"self._calculate_graph_version(root, python_files)",vgar.graph.builder.PythonGraphBuilder._calculate_graph_version,src/vgar/graph/builder.py,0.8,vgar.graph.builder.PythonGraphBuilder._calculate_graph_version,MATCH,build invokes its own _calculate_graph_version method.,"Codex/source inspection, 2026-10-01"
19,vgar_fixed_no_jedi,sha256:19b5472f96c88728e966eb11ae1e4c8fa1db1558f5051eab596c3c17659ff24e,sha256:65a0244718fd3d6619a2fd0949c4d9013c2c9d37f4b7e6285032734c82ed65e3,CALLS,src/vgar/graph/builder.py,118,"self._add_node(
            {
                ""id"": repository_id,
                ""type"": ""Repository"",
                ""repo_key"": self.repo_key,
                ""name"": root.name,
                ""qualified_name"": self.repo_key,
                ""path"": None,
                ""language"": None,
                ""range"": None,
                ""properties"": {
                    ""root_uri"": root.as_uri(),
                    ""default_language"": ""python"",
                    ""repository_revision"": self.repository_revision,
                },
                ""content_hash"": self._hash_text(self.repository_revision),
                ""graph_version"": self.graph_version,
            }
        )",vgar.graph.builder.PythonGraphBuilder._add_node,src/vgar/graph/builder.py,0.8,vgar.graph.builder.PythonGraphBuilder._add_node,MATCH,build invokes its own _add_node method for the Repository record.,"Codex/source inspection, 2026-10-01"
20,vgar_fixed_no_jedi,sha256:19b5472f96c88728e966eb11ae1e4c8fa1db1558f5051eab596c3c17659ff24e,sha256:29462fe0fa3831a3d7f234728ccfe9e9947be239b57d97f2dbe015118b3e21f3,CALLS,src/vgar/graph/builder.py,133,self._hash_text(self.repository_revision),vgar.graph.builder.PythonGraphBuilder._hash_text,src/vgar/graph/builder.py,0.8,vgar.graph.builder.PythonGraphBuilder._hash_text,MATCH,build invokes its own _hash_text classmethod.,"Codex/source inspection, 2026-10-01"
